round_from,round_to,reviewed_on,tool,change_type,captured_lines_before,captured_lines_after,reviewer_note
2026-07,2026-08,2026-08-22,BuddyPunch,increase,$4.49/user/mo | $5.99/user/mo | $10.99/user/mo,$4.99/user/mo | $6.99/user/mo | $12.99/user/mo,"Every per-user rate went up while the $19 monthly base fee stayed put, so the increase lands hardest on small teams — a five-person crew on the middle tier pays $5 a month more for the same product."
2026-07,2026-08,2026-08-22,CallHippo,increase,A one-time setup fee of $15 per account applies. | $0.16 per minute after 2500 minutes,"A one-time setup fee of $20 per account applies. | Calling charges billed separately at $0.25/min, based on actual usage.","The plan prices held, but the two charges that sit outside them both rose: the one-time setup fee by a third, and the per-minute rate you pay past your bundle by more than half. Neither shows up in a tier comparison."
2026-07,2026-08,2026-08-22,Leadfeeder,increase,€99 | €499,€113 | €527,"Both published tiers moved up, and unevenly: the entry plan rose 14% while the larger one rose 6%, so the gap between them narrowed."
2026-07,2026-08,2026-08-22,LettrLabs,increase,$0.53 | $0.59 | $0.67 | $1.24 | $1.49 | $3.08,$0.56 | $0.63 | $0.69 | $1.27 | $1.52 | $3.11,Not one plan but the whole rate card: every per-piece price on the page moved up by two to six cents. On a mailing of ten thousand pieces that is a few hundred dollars nobody announced.
2026-07,2026-08,2026-08-22,Sellfy,increase,"Sellfy Pricing: Plans From $22/mo, 0% Transaction Fees","Sellfy Pricing: Plans From $29/mo, 0% Transaction Fees","The entry price rose 32%, and the page title changed with it — which is how you can tell it was deliberate rather than a promotion lapsing."
2026-07,2026-08,2026-08-22,Weave,decrease,"Find just what you need and get the most out of Weave with simple plans and pricing, starting from $249 per month.","Find just what you need and get the most out of Weave with simple plans and pricing, starting from $199 per month.","A cut, which is rare enough to be worth recording: the advertised starting price dropped by $50 a month. What you actually pay is still quoted per location, so treat this as the opening number rather than the bill."
2026-07,2026-08,2026-08-22,Calilio,restructure,Calilio Pricing | VoIP Plans Starting from $15 Per Month | $4.50,Calilio Pricing | Business Telephony at $15 Per Month Only | $12 | billed annually ($144/year) | $28 | billed annually ($336/year) | $35,"The page was rebuilt around annual billing. The $15 headline survived, the old $4.50 line did not, and the tiers are now quoted as yearly totals — which makes the monthly comparison you did in July no longer possible on the same page."
2026-07,2026-08,2026-08-22,Vida AI,withdrawn,2-1K additional - $20.00/agent | 51-1M additional - $0.20/minute | 51-1M additional - $0.1/message | 1M-100B additional - $0.00000325/token,,"In July the page published a full rate card — per agent, per minute, per message, per token. In August all of it was gone, replaced by an invitation to design a pilot. The product did not necessarily get dearer; it got harder to price without talking to sales."
2026-07,2026-08,2026-08-22,UENI,restructure,once + $24.99/mo,$24.99 | $20.83 | $249.90 billed annually | $59.00 | $49.17 | $590 billed annually,"In July the page sold one subscription: $79 to launch, then $24.99 a month. In August it sells a ladder of four, with yearly and two-year prepay rates beside each. The entry price did not move, but what you are choosing between did — and the marketing service that used to be an optional add-on is now the top tier."
2026-08,2026-09,2026-09-02,Beautiful.ai,increase,"$12 | Beautiful.ai offers flexible pricing with three main tiers: Pro for individual users at $12/month (billed annually), Team plans for up to 20 users at $40 per user/month (billed annually) or $50 per user/month, and custom","$14.50 | Beautiful.ai Pro is $14.50 per month billed annually for individuals. The Team plan is $40 per user per month billed annually, or $50 billed monthly, for 2 to 20 seats. A monthly option at $45 covers one-time projects.","The individual Pro plan went from $12 to $14.50 a month on annual billing, a 21% rise, while the Team rate ($40 annual, $50 monthly) and the $45 one-off monthly option did not move. The page's own summary sentence was rewritten to carry the new number."
2026-08,2026-09,2026-09-02,Replit,decrease,$25 | $20 | $25 of monthly credits,"$20 $17 / month, billed annually | $20 towards most powerful models","Core on annual billing dropped from $20 to $17 a month, shown on the page as a struck-through $20. The credits that come with it moved the other way: August promised $25 of monthly credits, September says $20 towards the most powerful models. A 15% cheaper plan with a 20% smaller allowance is closer to a repackaging than a cut."
2026-08,2026-09,2026-09-02,Flippa,increase,$49 | $388 | Just $49.0/per month (Cancel Anytime),$49 | $490 | Just $49.0/per month (Cancel Anytime),"Held back in August for lack of context; a third capture settles it. The paid buyer subscription, which buys 21 days of early access to new listings over $10,000, was $49 a month or $388 a year in July and August. In September the annual price is $490, a 26% rise, while the $49 monthly rate did not move. The seller-side listing fees and the success-fee ladder are unchanged."
2026-08,2026-09,2026-09-02,Salesmessage,restructure,$25 | $49 | $99 | $179 | $249 | **Your free trial will automatically convert to our Premium Plan ($49/month) when it expires.,$25 | Additional seat: $10.00 / month | Additional seat: $100.00 / year | Additional number: $5.00 / month | Additional number: $50.00 / year | $277,"Our 2 August capture still showed the old five-step ladder from $25 to $249 a month. By our 8 August reading the page sold two plans: Basic at $25 and Pro at $329 a month, or $277 a month billed yearly, with everything in between replaced by a credits dropdown and published add-on rates of $10 per extra seat and $5 per extra number. The September capture carries the $277 figure. Read monthly against monthly, the top of the ladder went from $249 to $329, a 32% rise."
2026-08,2026-09,2026-09-02,Expertise AI,increase,$500/mo | $400/mo | $1250/mo | $1250/mo,AI Sales Assistant Pricing: Free & $50/User | Expertise AI | $2000/mo | $2000/mo,"The $400 and $500 Growth rates disappeared and Business went from $1,250 to $2,000 a month. The page title now leads with 'Free & $50/User', which is the small-team price; the enterprise number behind it rose by 60% without a word on the page."
2026-08,2026-09,2026-09-02,Softr,restructure,$0 | $49 | $139 | $269 | +$10 / Extra 10 Users,"Basic$19/mo | Pro$99/mo | Business$329/mo | Additional custom domains can be added for $15/month, or $13/month when billed annually.","The August ladder was $49, $139 and $269 a month with user packs sold on top. September sells Basic $19, Pro $99 and Business $329, each with metered add-ons (extra editors, workflow actions, custom domains at $15 a month). The entry price fell by more than half; the top tier rose 22%; and the thing you buy changed shape entirely."
2026-08,2026-09,2026-09-02,VEA,restructure,"Monthly: $31.95 per user, per month | Annual: $24.95 per user, per month | Monthly: $49.95 per user, per month | Annual: $39.95 per user, per month | Monthly: $77.95 per user, per month | Annual: $59.95 per user, per month","Monthly: $30 per user, per month | Annual: $25 per user, per month | Monthly: $50 per user, per month | Annual: $40 per user, per month | Monthly: $150 per user, per month | Annual: $120 per user, per month | Monthly: $597 per user, per month | Annual: $497 per user, per month","Three tiers became four and the numbers were rounded: $31.95/$24.95 became $30/$25, $49.95/$39.95 became $50/$40. The old top tier at $77.95/$59.95 is gone; the new third tier is $150/$120 and a fourth sits at $597/$497 per user. The marketing line underneath still says 'Starting at $24.95 per user per month', a number that is no longer on the plan cards."
2026-08,2026-09,2026-09-02,Sellfy,decrease,"Sellfy Pricing: Plans From $29/mo, 0% Transaction Fees | $39 | $29 | Up to $10k in sales per year","Sellfy Pricing: Plans From $22/mo, 0% Transaction Fees | Starting from    $29   $22  /mo | Up to $10k in sales per year","In August we recorded the entry plan rising from $29/$22 to $39/$29 (monthly/yearly) and the page title changing with it. In September the title says 'From $22/mo' again and Starter is back at $29 monthly against $22 yearly, the exact July figures. Business ($79/$59) and Premium ($159/$119) did not move in either month. Whether August was a test or a promotion lapsing the page does not say; what it shows is that the increase lasted about a month."
2026-08,2026-09,2026-09-02,Lindy.ai,restructure,"$8,000 | $49 | $99 | $199",$29.99 /mo per user | $99.99 /mo per user | $199.99 /mo per user,"August listed flat plans at $49, $99 and $199 a month and an $8,000 figure for the top of the range. September prices every plan per user: $29.99, $99.99 and $199.99 a month per seat. For one person the entry plan got cheaper; for a team of three the same tiers now cost roughly two to three times what the flat rate did."
2026-08,2026-09,2026-09-02,Buzz.ai,restructure,"$75 | $125 | for 3 months, then $125/mo | $795 | Moves to $1,000/mo soon. Lock in now","$79/month | $695/month | $0 setup fee | $2,500 setup fee","August's page warned that the $795 AI Employee plan 'moves to $1,000/mo soon' and offered Core at $75 for three months then $125. September's page has neither number: Core is $79 a month, AI Employee is $695, and a $2,500 setup fee appears on one plan. The threatened rise became a cut on the headline and a fee underneath it."
