check_id,check,pass_condition,your_result,notes
T01,App published,Loads at a public URL without logging in to the builder.,,
T02,Schedule,"Next 14 days; Mon-Fri 07:00 and 18:30, Sat 09:00, no Sunday; 8 spots each.",,
T03,Booking,"Name and email; spots left drops by one, also after a reload.",,
T04,Confirmation,Confirmation shows a unique manage link.,,
T05,Full is full,"Ten simultaneous booking requests on an empty 8-spot class: 8 accepted, 2 refused. One manual double click is not this test; use simultaneous-bookings.js.",,
T06,No double booking,"The same email cannot book the same class twice, also typed in capitals.",,
T07,Move,"The manage link moves a booking: old class +1, new class -1.",,
T08,Cancel,The manage link cancels a booking and frees the spot.,,
T09,Manage link not guessable,"The link contains a long random code, not a sequence number.",,
T10,Admin page protected,"No access without or with a wrong password, in the page and through the app's own API.",,
T11,Password not exposed,"The admin password is not in the page source, the JavaScript or any URL.",,
T12,Overview,"The admin page lists all bookings per class, consistent with T03-T08.",,
T13,Admin cancels,The admin cancels a booking; the spot is freed and the status visible.,,
T14,CSV export,"Download with exactly: class date, class time, name, email, status; rows match what you booked.",,
T15,Input checks,"An empty name, a name of only spaces and an invalid email are refused by the server.",,
T16,Data survives,Bookings are still there after a reload and after republishing.,,
T17,Usable on a phone,"At 390 px wide, schedule, booking and manage link work without sideways scrolling.",,
T18,Take it with you,Export the code (GitHub or zip) and the data; try to run it outside the builder and note what does not come along.,,
