builder,plan,mode,run_date,check_id,first_version,after_repairs,note
Lovable,Free,Build,2026-09-26,T01,pass,pass,
Lovable,Free,Build,2026-09-26,T02,pass,pass,
Lovable,Free,Build,2026-09-26,T03,pass,pass,
Lovable,Free,Build,2026-09-26,T04,pass,pass,
Lovable,Free,Build,2026-09-26,T05,pass,pass,"8 accepted, 2 refused ('Sorry, this class is full.')"
Lovable,Free,Build,2026-09-26,T06,pass,pass,
Lovable,Free,Build,2026-09-26,T07,pass,pass,
Lovable,Free,Build,2026-09-26,T08,pass,pass,
Lovable,Free,Build,2026-09-26,T09,pass,pass,UUID v4
Lovable,Free,Build,2026-09-26,T10,pass,pass,
Lovable,Free,Build,2026-09-26,T11,pass,pass,
Lovable,Free,Build,2026-09-26,T12,pass,pass,
Lovable,Free,Build,2026-09-26,T13,pass,pass,
Lovable,Free,Build,2026-09-26,T14,pass,pass,values starting with = + - @ are prefixed against spreadsheet formula injection
Lovable,Free,Build,2026-09-26,T15,pass,pass,
Lovable,Free,Build,2026-09-26,T16,pass,pass,republished 12:07 UTC; all bookings present
Lovable,Free,Build,2026-09-26,T17,pass,pass,
Lovable,Free,Build,2026-09-26,T18,pass,pass,"run on 26 September 2026: GitHub connected with access limited to one repository; Lovable created its own repository holding the full source and the database migrations, with no secret keys committed. Outside Lovable (Node 22) the code installed and built without errors, and the dev server showed the page but loaded no classes, because the database service key and admin password stay in Lovable. Data leaves as the admin CSV (T14) or Lovable's full database export (documented, not triggered)."
Replit,"Starter (free), separate new account",Free agent mode (Power and Max locked),2026-09-26,T01,partial,partial,manual Publish click; free deployment temporary
Replit,"Starter (free), separate new account",Free agent mode (Power and Max locked),2026-09-26,T02,pass,pass,
Replit,"Starter (free), separate new account",Free agent mode (Power and Max locked),2026-09-26,T03,pass,pass,
Replit,"Starter (free), separate new account",Free agent mode (Power and Max locked),2026-09-26,T04,pass,pass,link behind a 'Manage this booking' button
Replit,"Starter (free), separate new account",Free agent mode (Power and Max locked),2026-09-26,T05,fail,pass,"first version: 10 of 10 accepted, then GET /api/classes returned 500 and the public page showed 'No classes on the calendar yet.'; after repair 1: 8 accepted, 2 refused"
Replit,"Starter (free), separate new account",Free agent mode (Power and Max locked),2026-09-26,T06,pass,pass,
Replit,"Starter (free), separate new account",Free agent mode (Power and Max locked),2026-09-26,T07,pass,pass,
Replit,"Starter (free), separate new account",Free agent mode (Power and Max locked),2026-09-26,T08,pass,pass,
Replit,"Starter (free), separate new account",Free agent mode (Power and Max locked),2026-09-26,T09,pass,pass,UUID; internal booking id is sequential but not in the link
Replit,"Starter (free), separate new account",Free agent mode (Power and Max locked),2026-09-26,T10,pass,pass,
Replit,"Starter (free), separate new account",Free agent mode (Power and Max locked),2026-09-26,T11,pass,pass,
Replit,"Starter (free), separate new account",Free agent mode (Power and Max locked),2026-09-26,T12,pass,pass,
Replit,"Starter (free), separate new account",Free agent mode (Power and Max locked),2026-09-26,T13,pass,pass,
Replit,"Starter (free), separate new account",Free agent mode (Power and Max locked),2026-09-26,T14,pass,pass,no protection against spreadsheet formula injection
Replit,"Starter (free), separate new account",Free agent mode (Power and Max locked),2026-09-26,T15,partial,pass,first version saved a name of only spaces as empty
Replit,"Starter (free), separate new account",Free agent mode (Power and Max locked),2026-09-26,T16,pass,pass,republished after repair 1; all bookings present
Replit,"Starter (free), separate new account",Free agent mode (Power and Max locked),2026-09-26,T17,pass,pass,
Replit,"Starter (free), separate new account",Free agent mode (Power and Max locked),2026-09-26,T18,pass,pass,"run on 26 September 2026: the project zip export held the full source and its git history, but no database contents. Outside Replit it installed and built with pnpm 10 (pnpm 12 refused) once PORT and BASE_PATH were set, and ran against our own empty Postgres: schema created, a booking accepted and counted, admin login refused with a wrong password. The admin password the agent chose is stored as a plain value in the project's .replit file and is in the git history, so it travels with every export."
Emergent,Free,Web app,2026-09-26,T01,fail,fail,free plan cannot deploy; preview URL only
Emergent,Free,Web app,2026-09-26,T02,pass,pass,"today's 09:00 class still bookable at 13:25 Amsterdam time; the app's time zone is unknown, not counted as a failure"
Emergent,Free,Web app,2026-09-26,T03,pass,pass,
Emergent,Free,Web app,2026-09-26,T04,pass,pass,
Emergent,Free,Web app,2026-09-26,T05,fail,pass,"first version and after repair 1: 10 of 10 accepted; after repair 2: 8 accepted, 2 refused, twice"
Emergent,Free,Web app,2026-09-26,T06,pass,pass,
Emergent,Free,Web app,2026-09-26,T07,pass,pass,
Emergent,Free,Web app,2026-09-26,T08,pass,pass,
Emergent,Free,Web app,2026-09-26,T09,pass,pass,32 hex characters
Emergent,Free,Web app,2026-09-26,T10,pass,pass,
Emergent,Free,Web app,2026-09-26,T11,fail,pass,first version put the admin password in the CSV export URL
Emergent,Free,Web app,2026-09-26,T12,pass,pass,admin view showed the overbooking as '9 / 8 booked'
Emergent,Free,Web app,2026-09-26,T13,pass,pass,
Emergent,Free,Web app,2026-09-26,T14,pass,pass,no protection against spreadsheet formula injection
Emergent,Free,Web app,2026-09-26,T15,partial,pass,first version saved a name of only spaces as empty
Emergent,Free,Web app,2026-09-26,T16,not tested,not tested,could not publish
Emergent,Free,Web app,2026-09-26,T17,partial,pass,first version: page 494 px wide at 390 px
Emergent,Free,Web app,2026-09-26,T18,not tested,not tested,pricing page lists GitHub integration from the Standard plan
