tool,category,month_from,month_to,change,captured_before,captured_after,summary,review_url,verified_on
BuddyPunch,Operations & Workflow,2026-07,2026-08,increase,$4.49/user/mo | $5.99/user/mo | $10.99/user/mo,$4.99/user/mo | $6.99/user/mo | $12.99/user/mo,"Every per-user rate went up while the $19 monthly base fee stayed put, so the increase lands hardest on small teams — a five-person crew on the middle tier pays $5 a month more for the same product.",https://aibuildermarketplace.com/b2b/buddypunch-review/,2026-08-22
CallHippo,Communication & Voice,2026-07,2026-08,increase,A one-time setup fee of $15 per account applies. | $0.16 per minute after 2500 minutes,"A one-time setup fee of $20 per account applies. | Calling charges billed separately at $0.25/min, based on actual usage.","The plan prices held, but the two charges that sit outside them both rose: the one-time setup fee by a third, and the per-minute rate you pay past your bundle by more than half. Neither shows up in a tier comparison.",https://aibuildermarketplace.com/b2b/callhippo-review/,2026-08-22
Leadfeeder,Growth & Revenue,2026-07,2026-08,increase,€99 | €499,€113 | €527,"Both published tiers moved up, and unevenly: the entry plan rose 14% while the larger one rose 6%, so the gap between them narrowed.",https://aibuildermarketplace.com/b2b/leadfeeder-review/,2026-08-22
LettrLabs,Growth & Revenue,2026-07,2026-08,increase,$0.53 | $0.59 | $0.67 | $1.24 | $1.49 | $3.08,$0.56 | $0.63 | $0.69 | $1.27 | $1.52 | $3.11,Not one plan but the whole rate card: every per-piece price on the page moved up by two to six cents. On a mailing of ten thousand pieces that is a few hundred dollars nobody announced.,https://aibuildermarketplace.com/b2b/lettrlabs-review/,2026-08-22
Sellfy,Growth & Revenue,2026-07,2026-08,increase,"Sellfy Pricing: Plans From $22/mo, 0% Transaction Fees","Sellfy Pricing: Plans From $29/mo, 0% Transaction Fees","The entry price rose 32%, and the page title changed with it — which is how you can tell it was deliberate rather than a promotion lapsing.",https://aibuildermarketplace.com/b2b/sellfy-review/,2026-08-22
Weave,Communication & Voice,2026-07,2026-08,decrease,"Find just what you need and get the most out of Weave with simple plans and pricing, starting from $249 per month.","Find just what you need and get the most out of Weave with simple plans and pricing, starting from $199 per month.","A cut, which is rare enough to be worth recording: the advertised starting price dropped by $50 a month. What you actually pay is still quoted per location, so treat this as the opening number rather than the bill.",https://aibuildermarketplace.com/b2b/weave-review/,2026-08-22
Calilio,Communication & Voice,2026-07,2026-08,restructure,Calilio Pricing | VoIP Plans Starting from $15 Per Month | $4.50,Calilio Pricing | Business Telephony at $15 Per Month Only | $12 | billed annually ($144/year) | $28 | billed annually ($336/year) | $35,"The page was rebuilt around annual billing. The $15 headline survived, the old $4.50 line did not, and the tiers are now quoted as yearly totals — which makes the monthly comparison you did in July no longer possible on the same page.",https://aibuildermarketplace.com/b2b/calilio-review/,2026-08-22
Vida AI,Communication & Voice,2026-07,2026-08,withdrawn,2-1K additional - $20.00/agent | 51-1M additional - $0.20/minute | 51-1M additional - $0.1/message | 1M-100B additional - $0.00000325/token,,"In July the page published a full rate card — per agent, per minute, per message, per token. In August all of it was gone, replaced by an invitation to design a pilot. The product did not necessarily get dearer; it got harder to price without talking to sales.",https://aibuildermarketplace.com/b2b/vida-ai-review/,2026-08-22
UENI,Growth & Revenue,2026-07,2026-08,restructure,once + $24.99/mo,$24.99 | $20.83 | $249.90 billed annually | $59.00 | $49.17 | $590 billed annually,"In July the page sold one subscription: $79 to launch, then $24.99 a month. In August it sells a ladder of four, with yearly and two-year prepay rates beside each. The entry price did not move, but what you are choosing between did — and the marketing service that used to be an optional add-on is now the top tier.",https://aibuildermarketplace.com/b2b/ueni-review/,2026-08-22
Beautiful.ai,Operations & Workflow,2026-08,2026-09,increase,"$12 | Beautiful.ai offers flexible pricing with three main tiers: Pro for individual users at $12/month (billed annually), Team plans for up to 20 users at $40 per user/month (billed annually) or $50 per user/month, and custom","$14.50 | Beautiful.ai Pro is $14.50 per month billed annually for individuals. The Team plan is $40 per user per month billed annually, or $50 billed monthly, for 2 to 20 seats. A monthly option at $45 covers one-time projects.","The individual Pro plan went from $12 to $14.50 a month on annual billing, a 21% rise, while the Team rate ($40 annual, $50 monthly) and the $45 one-off monthly option did not move. The page's own summary sentence was rewritten to carry the new number.",https://aibuildermarketplace.com/b2b/beautiful-ai-review/,2026-09-02
Replit,IT & Productivity,2026-08,2026-09,decrease,$25 | $20 | $25 of monthly credits,"$20 $17 / month, billed annually | $20 towards most powerful models","Core on annual billing dropped from $20 to $17 a month, shown on the page as a struck-through $20. The credits that come with it moved the other way: August promised $25 of monthly credits, September says $20 towards the most powerful models. A 15% cheaper plan with a 20% smaller allowance is closer to a repackaging than a cut.",https://aibuildermarketplace.com/b2b/replit-review/,2026-09-02
Flippa,Financial Operations,2026-08,2026-09,increase,$49 | $388 | Just $49.0/per month (Cancel Anytime),$49 | $490 | Just $49.0/per month (Cancel Anytime),"Held back in August for lack of context; a third capture settles it. The paid buyer subscription, which buys 21 days of early access to new listings over $10,000, was $49 a month or $388 a year in July and August. In September the annual price is $490, a 26% rise, while the $49 monthly rate did not move. The seller-side listing fees and the success-fee ladder are unchanged.",https://aibuildermarketplace.com/b2b/flippa-review/,2026-09-02
Salesmessage,Communication & Voice,2026-08,2026-09,restructure,$25 | $49 | $99 | $179 | $249 | **Your free trial will automatically convert to our Premium Plan ($49/month) when it expires.,$25 | Additional seat: $10.00 / month | Additional seat: $100.00 / year | Additional number: $5.00 / month | Additional number: $50.00 / year | $277,"Our 2 August capture still showed the old five-step ladder from $25 to $249 a month. By our 8 August reading the page sold two plans: Basic at $25 and Pro at $329 a month, or $277 a month billed yearly, with everything in between replaced by a credits dropdown and published add-on rates of $10 per extra seat and $5 per extra number. The September capture carries the $277 figure. Read monthly against monthly, the top of the ladder went from $249 to $329, a 32% rise.",https://aibuildermarketplace.com/b2b/salesmessage-review/,2026-09-02
Expertise AI,IT & Productivity,2026-08,2026-09,increase,$500/mo | $400/mo | $1250/mo | $1250/mo,AI Sales Assistant Pricing: Free & $50/User | Expertise AI | $2000/mo | $2000/mo,"The $400 and $500 Growth rates disappeared and Business went from $1,250 to $2,000 a month. The page title now leads with 'Free & $50/User', which is the small-team price; the enterprise number behind it rose by 60% without a word on the page.",https://aibuildermarketplace.com/b2b/expertise-ai-review/,2026-09-02
Softr,IT & Productivity,2026-08,2026-09,restructure,$0 | $49 | $139 | $269 | +$10 / Extra 10 Users,"Basic$19/mo | Pro$99/mo | Business$329/mo | Additional custom domains can be added for $15/month, or $13/month when billed annually.","The August ladder was $49, $139 and $269 a month with user packs sold on top. September sells Basic $19, Pro $99 and Business $329, each with metered add-ons (extra editors, workflow actions, custom domains at $15 a month). The entry price fell by more than half; the top tier rose 22%; and the thing you buy changed shape entirely.",https://aibuildermarketplace.com/b2b/softr-review/,2026-09-02
VEA,Operations & Workflow,2026-08,2026-09,restructure,"Monthly: $31.95 per user, per month | Annual: $24.95 per user, per month | Monthly: $49.95 per user, per month | Annual: $39.95 per user, per month | Monthly: $77.95 per user, per month | Annual: $59.95 per user, per month","Monthly: $30 per user, per month | Annual: $25 per user, per month | Monthly: $50 per user, per month | Annual: $40 per user, per month | Monthly: $150 per user, per month | Annual: $120 per user, per month | Monthly: $597 per user, per month | Annual: $497 per user, per month","Three tiers became four and the numbers were rounded: $31.95/$24.95 became $30/$25, $49.95/$39.95 became $50/$40. The old top tier at $77.95/$59.95 is gone; the new third tier is $150/$120 and a fourth sits at $597/$497 per user. The marketing line underneath still says 'Starting at $24.95 per user per month', a number that is no longer on the plan cards.",https://aibuildermarketplace.com/b2b/vea-review/,2026-09-02
Sellfy,Growth & Revenue,2026-08,2026-09,decrease,"Sellfy Pricing: Plans From $29/mo, 0% Transaction Fees | $39 | $29 | Up to $10k in sales per year","Sellfy Pricing: Plans From $22/mo, 0% Transaction Fees | Starting from    $29   $22  /mo | Up to $10k in sales per year","In August we recorded the entry plan rising from $29/$22 to $39/$29 (monthly/yearly) and the page title changing with it. In September the title says 'From $22/mo' again and Starter is back at $29 monthly against $22 yearly, the exact July figures. Business ($79/$59) and Premium ($159/$119) did not move in either month. Whether August was a test or a promotion lapsing the page does not say; what it shows is that the increase lasted about a month.",https://aibuildermarketplace.com/b2b/sellfy-review/,2026-09-02
Lindy.ai,Operations & Workflow,2026-08,2026-09,restructure,"$8,000 | $49 | $99 | $199",$29.99 /mo per user | $99.99 /mo per user | $199.99 /mo per user,"August listed flat plans at $49, $99 and $199 a month and an $8,000 figure for the top of the range. September prices every plan per user: $29.99, $99.99 and $199.99 a month per seat. For one person the entry plan got cheaper; for a team of three the same tiers now cost roughly two to three times what the flat rate did.",https://aibuildermarketplace.com/b2b/lindy-ai-review/,2026-09-02
Buzz.ai,Sales & CRM,2026-08,2026-09,restructure,"$75 | $125 | for 3 months, then $125/mo | $795 | Moves to $1,000/mo soon. Lock in now","$79/month | $695/month | $0 setup fee | $2,500 setup fee","August's page warned that the $795 AI Employee plan 'moves to $1,000/mo soon' and offered Core at $75 for three months then $125. September's page has neither number: Core is $79 a month, AI Employee is $695, and a $2,500 setup fee appears on one plan. The threatened rise became a cut on the headline and a fee underneath it.",https://aibuildermarketplace.com/b2b/buzz-ai-review/,2026-09-02
BabyLoveGrowth,Marketing,2026-09,2026-10,restructure,€247€99/month | €599€299/month,€49€49/month€247€247 | €199€199/month€599€599,"Our 1 September capture opened on monthly billing: Grow €99 and Scale €299 a month against struck-through €247 and €599. The 1 October capture opened on yearly billing at 40% off: Grow €49, Scale €199. Read live on 7 October with the toggle on monthly, Grow is still €99 but Scale is €399, a third more than on 1 September, while its plan now carries 120 articles in four languages. On yearly billing Grow read €49 twice and €59 once on the same day, so that figure is being tested.",https://aibuildermarketplace.com/b2b/babylovegrowth-review/,2026-10-07
Databox,Operations & Workflow,2026-09,2026-10,restructure,$5.60/mo per addtl. data source,"The Team plan is built for collaborative analytics, in two sizes. Core: 3 users, 10 data sources, 500 AI credits/mo, $249/month. Scale: 10 users, 30 data sources, 1,000 AI credits/mo, $399/month, plus sub-accounts for mu | The Agency plan is for agencies managing multiple clients: starts at $99/month with unlimited users, 20 data sources, and 300 AI credits/mo, plus bulk actions, custom templates, and cross-client reporting. Add capacity w | Each client pack costs				$20/month","The whole ladder was renamed and repriced. September's page still sold extra data sources at $5.60 each a month; October's has no per-source fee: each plan includes a fixed number of sources and more means moving up a tier. The new tiers are Analyst, Team in two sizes at $249 and $399 a month on monthly billing, and Agency from $99, which adds clients in packs at $20 a month.",https://aibuildermarketplace.com/b2b/databox-review/,2026-10-07
Expertise AI,IT & Productivity,2026-09,2026-10,withdrawn,"AI Sales Assistant Pricing: Free & $50/User | Expertise AI | $2000/mo | Give your AI a voice. Includes 300 voice minutes per month, then $0.25 per additional minute.",,"In September the page still published a free preview and Business at $2,000 a month, a figure that had risen from $1,250 the month before. In October there is no amount anywhere on it: three tiers, Premier, Enterprise and Unlimited, each behind a 'Book a demo' button, and an FAQ saying pricing follows your workflows and deployment. The free preview went with the numbers.",https://aibuildermarketplace.com/b2b/expertise-ai-review/,2026-10-07
Goflow,Operations & Workflow,2026-09,2026-10,restructure,$979,"From $499/month | 500/mo, then imports pause until next month","September's page showed named tiers: a free plan, Launch at $499 and Scale at $979. October's prices paid plans by monthly order volume through a calculator, from $499 for 750 orders; the $979 plan no longer exists, and our 23 September reading of the calculator put 5,000 orders at $1,149. The free Core plan stays, capped at 500 orders a month, after which imports pause until the next month.",https://aibuildermarketplace.com/b2b/goflow-review/,2026-10-07
Housecall Pro,Operations & Workflow,2026-09,2026-10,decrease,*Additional users $100/mo each | *Additional users $75/mo each,*$35/mo per additional user,"The plan prices held at $59, $149 and $299 a month on annual billing. What moved is the cost of growing: in September an extra user cost $100 a month on Essentials and $75 on MAX; in October the page prints one rate, $35 a month per additional user, and no extra-seat price for Essentials at all. The cards also gained introductory offers on monthly billing, which are promotions rather than prices.",https://aibuildermarketplace.com/b2b/housecall-pro-review/,2026-10-07
Intelis,E-commerce,2026-09,2026-10,decrease,$499.00 | $4990 | $849.00 | $8490,$399.00 | $749.00 | $7490,"The two top tiers on Intelis's own pricing page came down by $100 a month each: Business from $499 to $399 and Enterprise from $849 to $749, with annual Enterprise from $8,490 to $7,490. The three lower tiers did not move. The cut also ended a disagreement we had recorded in August, when the Shopify listing and the vendor's homepage showed lower figures than the pricing page; by 8 September all three agreed.",https://aibuildermarketplace.com/b2b/intelis-review/,2026-10-07
InVideo,Operations & Workflow,2026-09,2026-10,restructure,$17/mo | *Billed $200 yearly | $85/mo | $170/mo | $900/mo,"$20per seat/mo, billed annually | $60$50per seat/mo, billed annually | $150$100per seat/mo, billed annually","September's page sold four flat plans at $17, $85, $170 and $900 a month on annual billing. October's sells three plans per seat: Starter at $20 a seat, Plus at $50 a seat annually or $60 monthly, and Max at $100 annually or $150 monthly, with credits allotted per seat. For one person the plan called Plus now costs about three times what it did; the $900 top tier has no successor on the page.",https://aibuildermarketplace.com/b2b/invideo-review/,2026-10-07
lemlist,Growth & Revenue,2026-09,2026-10,restructure,1k credits - 200 emails or 50 phones - $10 | From $55 /user /mo,$20 | $16 | $29 | $21 | From $55 /mo,"The plan prices held: Email at $69 a month or $55 yearly, Multichannel at $109 or $87. Two things around them changed. The Email plan's 'From $55 /user /mo' became 'From $55 /mo', and the page now says it covers unlimited users. And contact data stopped being pay-per-success: September sold rechargeable credits at $10 for 1,000; October sells lead-data enrichment as a monthly add-on at $20 ($16 yearly) for 2,000 credits, with buying-intent signals as a separate $29 ($21 yearly) add-on.",https://aibuildermarketplace.com/b2b/lemlist-review/,2026-10-07
Momence,Operations & Workflow,2026-09,2026-10,withdrawn,$60 | $199 | 3.9% + $0.30 for online card payments | 3.7% + $0.05 for in-person card payments,,"September's page published three plans, a free Basic plan paid for by a 5% fee on every transaction, Pro at $60 a month at 2.5% and Custom at $199 with no Momence fee, plus card-processing rates per country. By 25 September it carried none of that: a 'Let's talk pricing' form asking for your name, business and website, and a footer that now reads Xplor Momence. The October capture and our 7 October reading confirm it.",https://aibuildermarketplace.com/b2b/momence-review/,2026-10-07
Pingtree,Growth & Revenue,2026-09,2026-10,increase,From $199,From $499,"The Self Service floor went from $199 to $499 a month, two and a half times the old figure, with the free trial still included and Managed Services unchanged at $2,500. $499 is where the cheapest self-managed tier sat in July, before the August rebuild, so the low entry price lasted about two months. Overage is still billed after month close and still not published.",https://aibuildermarketplace.com/b2b/pingtree-review/,2026-10-07
Replit,IT & Productivity,2026-09,2026-10,restructure,"$20 $17 / month, billed annually | $100 $95 / month, billed annually","$20 $18 / month, billed annually | $100 $90 / month, billed annually","Two annual rates moved in opposite directions, one month after the September change: Core went from $17 to $18 a month billed annually and Pro from $95 to $90, while the monthly rates ($20 and $100) and the credit allowances did not move. Small steps, but this is the third different annual Core price in three captures: $20 in August, $17 in September, $18 in October.",https://aibuildermarketplace.com/b2b/replit-review/,2026-10-07
Runpod,IT & Productivity,2026-09,2026-10,increase,$3.29/hr | $1.39/hr | $0.44/hr,$3.49/hr | $1.59/hr | $0.49/hr,"Three Secure Cloud pod rates went up: the H100 SXM from $3.29 to $3.49 an hour, the A100 PCIe from $1.39 to $1.59, and one entry-level card from $0.44 to $0.49. The rest of the card, from $0.27 to $7.89 an hour, did not move. For the H100 SXM it is the second rise since July, when it was $2.99.",https://aibuildermarketplace.com/b2b/runpod-review/,2026-10-07
Seller Snap,E-commerce,2026-09,2026-10,increase,$250 $175/month | $900 saving,"$212/month | billed $2,544/year · save $446","The annual Accelerator rate rose from $175 to $212 a month, 21%, and the saving the page advertises against monthly billing fell from $900 a year to $446. The monthly rate ($250), Starter ($100, annual only) and both Standard figures ($500 monthly, $425 annually) did not move. The same rebuild moved Walmart repricing off the entry plan: Starter now covers one marketplace and Accelerator adds Walmart.",https://aibuildermarketplace.com/b2b/seller-snap-review/,2026-10-07
Switcher Studio,Operations & Workflow,2026-09,2026-10,restructure,"$55 | Save $30 when you get 3 months of pro streaming tools for just $165. Lock in this plan today and keep saving when your subscription continues at this special rate — even after the promo ends!"">",$35,"The Studio Seasonal plan, $55 a month on a three-month commitment ($165 up front), is gone. In its place is a Studio 7-Day Pass at $35 one-time for a single event. The monthly and annual rates for Studio ($65 and $45) and Suite ($99 and $79) did not move.",https://aibuildermarketplace.com/b2b/switcher-studio-review/,2026-10-07
Toggl,Operations & Workflow,2026-09,2026-10,restructure,"* $14 per license per month applies to your first year of Premium annual, then renews at $18 per license per month.",$16 | $12 | $24,"In September Premium cost $14 a user a month for the first year on annual billing, renewing at $18. In October that two-step price is gone: Premium is $16 annually from the start and $24 monthly, and Starter shows $12 on monthly billing beside the $9 annual rate. A new buyer pays $2 a month more in year one and $2 less from year two.",https://aibuildermarketplace.com/b2b/toggl-review/,2026-10-07
Upsell.com,Growth & Revenue,2026-09,2026-10,restructure,"$3.99/mo | Billed annually, $4.99 monthly. | $399.99/mo | $799.99/mo",starting at$199/mo | starting at$499/mo,"Our 1 September capture showed a ladder starting at $3.99 a month on annual billing ($4.99 monthly), with higher-volume steps at $399.99 and $799.99. By our 19 September reading upsell.com and its Shopify listing showed a new ladder priced by order volume, with every feature on every plan: Free up to 50 orders, Growth at $9.99, Scale at $199 a month ($149 annually), Elite at $499 ($399 annually) and Enterprise on quote above 20,000 orders. The October capture carries the $199 and $499 figures.",https://aibuildermarketplace.com/b2b/upsell-com-review/,2026-10-07
Vista Social,Growth & Revenue,2026-09,2026-10,increase,"$79/month | $149/month | $349/month | $758/year | $1,430/year | $3,638/year","$99/month | $199/month | $449/month | $950/year | $1,910/year | $4,310/year","Every list price rose, by 25% to 34% a month: Professional from $79 to $99, Advanced from $149 to $199 and Scale from $349 to $449, with the yearly totals from $758 to $950, $1,430 to $1,910 and $3,638 to $4,310. Our dossier dates the rise to between 23 and 25 September. Employee Advocacy stayed at $199 a month for 25 employees.",https://aibuildermarketplace.com/b2b/vista-social-review/,2026-10-07
ZenZap,Communication & Voice,2026-09,2026-10,restructure,$3 | $8 | Up to 50 users (1.56 per user),$50 | $51,"September's page priced per seat: Pro at $3 a user a month and Business+ at $8 on annual billing, with flat bundles beside them. October's sells flat packages only: Lite at $51 a month for up to 20 users and Business+, now the plan with the AI agents, at $50 a month for up to 5 users, both on annual billing ($63 and $62 monthly). Twenty users on Business+ cost $89 a month in September; the page now prints no price above five.",https://aibuildermarketplace.com/b2b/zenzap-review/,2026-10-07
AISDR,Growth & Revenue,2026-07,2026-08,unchanged,,,Amounts captured on the vendor's pricing page were identical in both months.,https://aibuildermarketplace.com/b2b/aisdr-review/,2026-08-22
AISQ,Growth & Revenue,2026-07,2026-08,unchanged,,,Amounts captured on the vendor's pricing page were identical in both months.,https://aibuildermarketplace.com/b2b/aisq-review/,2026-08-22
AWeber,Growth & Revenue,2026-07,2026-08,unchanged,,,Amounts captured on the vendor's pricing page were identical in both months.,https://aibuildermarketplace.com/b2b/aweber-review/,2026-08-22
Adwisely,Growth & Revenue,2026-07,2026-08,unchanged,,,Amounts captured on the vendor's pricing page were identical in both months.,https://aibuildermarketplace.com/b2b/adwisely-review/,2026-08-22
Alidrop,Growth & Revenue,2026-07,2026-08,unchanged,,,Amounts captured on the vendor's pricing page were identical in both months.,https://aibuildermarketplace.com/b2b/alidrop-review/,2026-08-22
Amplemarket,Growth & Revenue,2026-07,2026-08,unchanged,,,Amounts captured on the vendor's pricing page were identical in both months.,https://aibuildermarketplace.com/b2b/amplemarket-review/,2026-08-22
Assembly,Business Operations,2026-07,2026-08,unchanged,,,Amounts captured on the vendor's pricing page were identical in both months.,https://aibuildermarketplace.com/b2b/assembly-review/,2026-08-22
Atria,Growth & Revenue,2026-07,2026-08,unchanged,,,Amounts captured on the vendor's pricing page were identical in both months.,https://aibuildermarketplace.com/b2b/atria-review/,2026-08-22
Auware,Growth & Revenue,2026-07,2026-08,unchanged,,,Amounts captured on the vendor's pricing page were identical in both months.,https://aibuildermarketplace.com/b2b/auware-review/,2026-08-22
Beautiful.ai,Operations & Workflow,2026-07,2026-08,unchanged,,,Amounts captured on the vendor's pricing page were identical in both months.,https://aibuildermarketplace.com/b2b/beautiful-ai-review/,2026-08-22
Beefree,Growth & Revenue,2026-07,2026-08,unchanged,,,Amounts captured on the vendor's pricing page were identical in both months.,https://aibuildermarketplace.com/b2b/beefree-review/,2026-08-22
Bill.com,Financial Operations,2026-07,2026-08,unchanged,,,Amounts captured on the vendor's pricing page were identical in both months.,https://aibuildermarketplace.com/b2b/bill-com-review/,2026-08-22
Birch,Growth & Revenue,2026-07,2026-08,unchanged,,,Amounts captured on the vendor's pricing page were identical in both months.,https://aibuildermarketplace.com/b2b/birch-review/,2026-08-22
Blinq,IT & Productivity,2026-07,2026-08,unchanged,,,Amounts captured on the vendor's pricing page were identical in both months.,https://aibuildermarketplace.com/b2b/blinq-review/,2026-08-22
Bokun,Operations & Workflow,2026-07,2026-08,unchanged,,,Amounts captured on the vendor's pricing page were identical in both months.,https://aibuildermarketplace.com/b2b/bokun-review/,2026-08-22
Bookyourdata,Growth & Revenue,2026-07,2026-08,unchanged,,,Amounts captured on the vendor's pricing page were identical in both months.,https://aibuildermarketplace.com/b2b/bookyourdata-review/,2026-08-22
Bouncer,Growth & Revenue,2026-07,2026-08,unchanged,,,Amounts captured on the vendor's pricing page were identical in both months.,https://aibuildermarketplace.com/b2b/bouncer-review/,2026-08-22
Bright Data,IT & Productivity,2026-07,2026-08,unchanged,,,Amounts captured on the vendor's pricing page were identical in both months.,https://aibuildermarketplace.com/b2b/bright-data-review/,2026-08-22
Browse.ai,IT & Productivity,2026-07,2026-08,unchanged,,,Amounts captured on the vendor's pricing page were identical in both months.,https://aibuildermarketplace.com/b2b/browse-ai-review/,2026-08-22
BugHerd,Operations & Workflow,2026-07,2026-08,unchanged,,,Amounts captured on the vendor's pricing page were identical in both months.,https://aibuildermarketplace.com/b2b/bugherd-review/,2026-08-22
Campaign Monitor,Growth & Revenue,2026-07,2026-08,unchanged,,,Amounts captured on the vendor's pricing page were identical in both months.,https://aibuildermarketplace.com/b2b/campaign-monitor-review/,2026-08-22
Campaigner,Growth & Revenue,2026-07,2026-08,unchanged,,,Amounts captured on the vendor's pricing page were identical in both months.,https://aibuildermarketplace.com/b2b/campaigner-review/,2026-08-22
Checkr,Operations & Workflow,2026-07,2026-08,unchanged,,,Amounts captured on the vendor's pricing page were identical in both months.,https://aibuildermarketplace.com/b2b/checkr-review/,2026-08-22
ChemiCloud,IT & Productivity,2026-07,2026-08,unchanged,,,Amounts captured on the vendor's pricing page were identical in both months.,https://aibuildermarketplace.com/b2b/chemicloud-review/,2026-08-22
Clay,Growth & Revenue,2026-07,2026-08,unchanged,,,Amounts captured on the vendor's pricing page were identical in both months.,https://aibuildermarketplace.com/b2b/clay-review/,2026-08-22
ClickUp,Operations & Workflow,2026-07,2026-08,unchanged,,,Amounts captured on the vendor's pricing page were identical in both months.,https://aibuildermarketplace.com/b2b/clickup-review/,2026-08-22
Close,Growth & Revenue,2026-07,2026-08,unchanged,,,Amounts captured on the vendor's pricing page were identical in both months.,https://aibuildermarketplace.com/b2b/close-review/,2026-08-22
CloudTalk,Communication & Voice,2026-07,2026-08,unchanged,,,Amounts captured on the vendor's pricing page were identical in both months.,https://aibuildermarketplace.com/b2b/cloudtalk-review/,2026-08-22
CometChat,Communication & Voice,2026-07,2026-08,unchanged,,,Amounts captured on the vendor's pricing page were identical in both months.,https://aibuildermarketplace.com/b2b/cometchat-review/,2026-08-22
Connecteam,Operations & Workflow,2026-07,2026-08,unchanged,,,Amounts captured on the vendor's pricing page were identical in both months.,https://aibuildermarketplace.com/b2b/connecteam-review/,2026-08-22
Contractor Foreman,Operations & Workflow,2026-07,2026-08,unchanged,,,Amounts captured on the vendor's pricing page were identical in both months.,https://aibuildermarketplace.com/b2b/contractor-foreman-review/,2026-08-22
CrankWheel,Communication & Voice,2026-07,2026-08,unchanged,,,Amounts captured on the vendor's pricing page were identical in both months.,https://aibuildermarketplace.com/b2b/crankwheel-review/,2026-08-22
Credit Repair Cloud,Financial Operations,2026-07,2026-08,unchanged,,,Amounts captured on the vendor's pricing page were identical in both months.,https://aibuildermarketplace.com/b2b/credit-repair-cloud-review/,2026-08-22
Databox,Operations & Workflow,2026-07,2026-08,unchanged,,,Amounts captured on the vendor's pricing page were identical in both months.,https://aibuildermarketplace.com/b2b/databox-review/,2026-08-22
Dify,IT & Productivity,2026-07,2026-08,unchanged,,,Amounts captured on the vendor's pricing page were identical in both months.,https://aibuildermarketplace.com/b2b/dify-review/,2026-08-22
Diginius,Growth & Revenue,2026-07,2026-08,unchanged,,,Amounts captured on the vendor's pricing page were identical in both months.,https://aibuildermarketplace.com/b2b/diginius-review/,2026-08-22
DropGenius,Growth & Revenue,2026-07,2026-08,unchanged,,,Amounts captured on the vendor's pricing page were identical in both months.,https://aibuildermarketplace.com/b2b/dropgenius-review/,2026-08-22
Expertise AI,IT & Productivity,2026-07,2026-08,unchanged,,,Amounts captured on the vendor's pricing page were identical in both months.,https://aibuildermarketplace.com/b2b/expertise-ai-review/,2026-08-22
Fastmail,IT & Productivity,2026-07,2026-08,unchanged,,,Amounts captured on the vendor's pricing page were identical in both months.,https://aibuildermarketplace.com/b2b/fastmail-review/,2026-08-22
Finale Inventory,Operations & Workflow,2026-07,2026-08,unchanged,,,Amounts captured on the vendor's pricing page were identical in both months.,https://aibuildermarketplace.com/b2b/finale-inventory-review/,2026-08-22
Fireflies.ai,Communication & Voice,2026-07,2026-08,unchanged,,,Amounts captured on the vendor's pricing page were identical in both months.,https://aibuildermarketplace.com/b2b/fireflies-ai-review/,2026-08-22
Frase,Growth & Revenue,2026-07,2026-08,unchanged,,,Amounts captured on the vendor's pricing page were identical in both months.,https://aibuildermarketplace.com/b2b/frase-review/,2026-08-22
GetResponse,Growth & Revenue,2026-07,2026-08,unchanged,,,Amounts captured on the vendor's pricing page were identical in both months.,https://aibuildermarketplace.com/b2b/getresponse-review/,2026-08-22
Goflow,Operations & Workflow,2026-07,2026-08,unchanged,,,Amounts captured on the vendor's pricing page were identical in both months.,https://aibuildermarketplace.com/b2b/goflow-review/,2026-08-22
Guesty,Operations & Workflow,2026-07,2026-08,unchanged,,,Amounts captured on the vendor's pricing page were identical in both months.,https://aibuildermarketplace.com/b2b/guesty-review/,2026-08-22
Healthie,Operations & Workflow,2026-07,2026-08,unchanged,,,Amounts captured on the vendor's pricing page were identical in both months.,https://aibuildermarketplace.com/b2b/healthie-review/,2026-08-22
Hello Bar,Growth & Revenue,2026-07,2026-08,unchanged,,,Amounts captured on the vendor's pricing page were identical in both months.,https://aibuildermarketplace.com/b2b/hello-bar-review/,2026-08-22
Hive,Operations & Workflow,2026-07,2026-08,unchanged,,,Amounts captured on the vendor's pricing page were identical in both months.,https://aibuildermarketplace.com/b2b/hive-review/,2026-08-22
Housecall Pro,Operations & Workflow,2026-07,2026-08,unchanged,,,Amounts captured on the vendor's pricing page were identical in both months.,https://aibuildermarketplace.com/b2b/housecall-pro-review/,2026-08-22
IDrive,IT & Productivity,2026-07,2026-08,unchanged,,,Amounts captured on the vendor's pricing page were identical in both months.,https://aibuildermarketplace.com/b2b/idrive-review/,2026-08-22
InboxAlly,Growth & Revenue,2026-07,2026-08,unchanged,,,Amounts captured on the vendor's pricing page were identical in both months.,https://aibuildermarketplace.com/b2b/inboxally-review/,2026-08-22
Jubilee,Financial Operations,2026-07,2026-08,unchanged,,,Amounts captured on the vendor's pricing page were identical in both months.,https://aibuildermarketplace.com/b2b/jubilee-review/,2026-08-22
Katana MRP,Operations & Workflow,2026-07,2026-08,unchanged,,,Amounts captured on the vendor's pricing page were identical in both months.,https://aibuildermarketplace.com/b2b/katana-mrp-review/,2026-08-22
Keap,Growth & Revenue,2026-07,2026-08,unchanged,,,Amounts captured on the vendor's pricing page were identical in both months.,https://aibuildermarketplace.com/b2b/keap-review/,2026-08-22
Kinsta,IT & Productivity,2026-07,2026-08,unchanged,,,Amounts captured on the vendor's pricing page were identical in both months.,https://aibuildermarketplace.com/b2b/kinsta-review/,2026-08-22
Kit,Growth & Revenue,2026-07,2026-08,unchanged,,,Amounts captured on the vendor's pricing page were identical in both months.,https://aibuildermarketplace.com/b2b/kit-review/,2026-08-22
KrispCall,Communication & Voice,2026-07,2026-08,unchanged,,,Amounts captured on the vendor's pricing page were identical in both months.,https://aibuildermarketplace.com/b2b/krispcall-review/,2026-08-22
Landingi,Growth & Revenue,2026-07,2026-08,unchanged,,,Amounts captured on the vendor's pricing page were identical in both months.,https://aibuildermarketplace.com/b2b/landingi-review/,2026-08-22
Later,Growth & Revenue,2026-07,2026-08,unchanged,,,Amounts captured on the vendor's pricing page were identical in both months.,https://aibuildermarketplace.com/b2b/later-review/,2026-08-22
Lindy.ai,Operations & Workflow,2026-07,2026-08,unchanged,,,Amounts captured on the vendor's pricing page were identical in both months.,https://aibuildermarketplace.com/b2b/lindy-ai-review/,2026-08-22
Livestorm,Growth & Revenue,2026-07,2026-08,unchanged,,,Amounts captured on the vendor's pricing page were identical in both months.,https://aibuildermarketplace.com/b2b/livestorm-review/,2026-08-22
Melio,Financial Operations,2026-07,2026-08,unchanged,,,Amounts captured on the vendor's pricing page were identical in both months.,https://aibuildermarketplace.com/b2b/melio-review/,2026-08-22
MindStudio,IT & Productivity,2026-07,2026-08,unchanged,,,Amounts captured on the vendor's pricing page were identical in both months.,https://aibuildermarketplace.com/b2b/mindstudio-review/,2026-08-22
Navan,Financial Operations,2026-07,2026-08,unchanged,,,Amounts captured on the vendor's pricing page were identical in both months.,https://aibuildermarketplace.com/b2b/navan-review/,2026-08-22
Ngram,IT & Productivity,2026-07,2026-08,unchanged,,,Amounts captured on the vendor's pricing page were identical in both months.,https://aibuildermarketplace.com/b2b/ngram-review/,2026-08-22
Nutshell,Growth & Revenue,2026-07,2026-08,unchanged,,,Amounts captured on the vendor's pricing page were identical in both months.,https://aibuildermarketplace.com/b2b/nutshell-review/,2026-08-22
Omniseo,Growth & Revenue,2026-07,2026-08,unchanged,,,Amounts captured on the vendor's pricing page were identical in both months.,https://aibuildermarketplace.com/b2b/omniseo-review/,2026-08-22
Outgrow,Growth & Revenue,2026-07,2026-08,unchanged,,,Amounts captured on the vendor's pricing page were identical in both months.,https://aibuildermarketplace.com/b2b/outgrow-review/,2026-08-22
Plesk,IT & Productivity,2026-07,2026-08,unchanged,,,Amounts captured on the vendor's pricing page were identical in both months.,https://aibuildermarketplace.com/b2b/plesk-review/,2026-08-22
Printify,Growth & Revenue,2026-07,2026-08,unchanged,,,Amounts captured on the vendor's pricing page were identical in both months.,https://aibuildermarketplace.com/b2b/printify-review/,2026-08-22
Process Street,Operations & Workflow,2026-07,2026-08,unchanged,,,Amounts captured on the vendor's pricing page were identical in both months.,https://aibuildermarketplace.com/b2b/process-street-review/,2026-08-22
Proton Drive,IT & Productivity,2026-07,2026-08,unchanged,,,Amounts captured on the vendor's pricing page were identical in both months.,https://aibuildermarketplace.com/b2b/proton-drive-review/,2026-08-22
PushOwl,Growth & Revenue,2026-07,2026-08,unchanged,,,Amounts captured on the vendor's pricing page were identical in both months.,https://aibuildermarketplace.com/b2b/pushowl-review/,2026-08-22
Quo,Communication & Voice,2026-07,2026-08,unchanged,,,Amounts captured on the vendor's pricing page were identical in both months.,https://aibuildermarketplace.com/b2b/quo-review/,2026-08-22
Readymode,Communication & Voice,2026-07,2026-08,unchanged,,,Amounts captured on the vendor's pricing page were identical in both months.,https://aibuildermarketplace.com/b2b/readymode-review/,2026-08-22
Reclaim.ai,Operations & Workflow,2026-07,2026-08,unchanged,,,Amounts captured on the vendor's pricing page were identical in both months.,https://aibuildermarketplace.com/b2b/reclaim-ai-review/,2026-08-22
Replit,IT & Productivity,2026-07,2026-08,unchanged,,,Amounts captured on the vendor's pricing page were identical in both months.,https://aibuildermarketplace.com/b2b/replit-review/,2026-08-22
Reply.io,Growth & Revenue,2026-07,2026-08,unchanged,,,Amounts captured on the vendor's pricing page were identical in both months.,https://aibuildermarketplace.com/b2b/reply-io-review/,2026-08-22
Riverside,Growth & Revenue,2026-07,2026-08,unchanged,,,Amounts captured on the vendor's pricing page were identical in both months.,https://aibuildermarketplace.com/b2b/riverside-review/,2026-08-22
Ruby,Communication & Voice,2026-07,2026-08,unchanged,,,Amounts captured on the vendor's pricing page were identical in both months.,https://aibuildermarketplace.com/b2b/ruby-review/,2026-08-22
SMTP.com,IT & Productivity,2026-07,2026-08,unchanged,,,Amounts captured on the vendor's pricing page were identical in both months.,https://aibuildermarketplace.com/b2b/smtp-com-review/,2026-08-22
SMTP2GO,IT & Productivity,2026-07,2026-08,unchanged,,,Amounts captured on the vendor's pricing page were identical in both months.,https://aibuildermarketplace.com/b2b/smtp2go-review/,2026-08-22
Salesflare,Growth & Revenue,2026-07,2026-08,unchanged,,,Amounts captured on the vendor's pricing page were identical in both months.,https://aibuildermarketplace.com/b2b/salesflare-review/,2026-08-22
Salesmessage,Communication & Voice,2026-07,2026-08,unchanged,,,Amounts captured on the vendor's pricing page were identical in both months.,https://aibuildermarketplace.com/b2b/salesmessage-review/,2026-08-22
Sendcloud,Operations & Workflow,2026-07,2026-08,unchanged,,,Amounts captured on the vendor's pricing page were identical in both months.,https://aibuildermarketplace.com/b2b/sendcloud-review/,2026-08-22
Shiftie,Operations & Workflow,2026-07,2026-08,unchanged,,,Amounts captured on the vendor's pricing page were identical in both months.,https://aibuildermarketplace.com/b2b/shiftie-review/,2026-08-22
Shippo,Operations & Workflow,2026-07,2026-08,unchanged,,,Amounts captured on the vendor's pricing page were identical in both months.,https://aibuildermarketplace.com/b2b/shippo-review/,2026-08-22
Shoeboxed,Financial Operations,2026-07,2026-08,unchanged,,,Amounts captured on the vendor's pricing page were identical in both months.,https://aibuildermarketplace.com/b2b/shoeboxed-review/,2026-08-22
SimpleTexting,Communication & Voice,2026-07,2026-08,unchanged,,,Amounts captured on the vendor's pricing page were identical in both months.,https://aibuildermarketplace.com/b2b/simpletexting-review/,2026-08-22
SmartSuite,Operations & Workflow,2026-07,2026-08,unchanged,,,Amounts captured on the vendor's pricing page were identical in both months.,https://aibuildermarketplace.com/b2b/smartsuite-review/,2026-08-22
SocialBee,Growth & Revenue,2026-07,2026-08,unchanged,,,Amounts captured on the vendor's pricing page were identical in both months.,https://aibuildermarketplace.com/b2b/socialbee-review/,2026-08-22
Softr,IT & Productivity,2026-07,2026-08,unchanged,,,Amounts captured on the vendor's pricing page were identical in both months.,https://aibuildermarketplace.com/b2b/softr-review/,2026-08-22
Spocket,Growth & Revenue,2026-07,2026-08,unchanged,,,Amounts captured on the vendor's pricing page were identical in both months.,https://aibuildermarketplace.com/b2b/spocket-review/,2026-08-22
Stamped,Growth & Revenue,2026-07,2026-08,unchanged,,,Amounts captured on the vendor's pricing page were identical in both months.,https://aibuildermarketplace.com/b2b/stamped-review/,2026-08-22
Streak,Growth & Revenue,2026-07,2026-08,unchanged,,,Amounts captured on the vendor's pricing page were identical in both months.,https://aibuildermarketplace.com/b2b/streak-review/,2026-08-22
SurveyMonkey,Operations & Workflow,2026-07,2026-08,unchanged,,,Amounts captured on the vendor's pricing page were identical in both months.,https://aibuildermarketplace.com/b2b/surveymonkey-review/,2026-08-22
SurveySparrow,Growth & Revenue,2026-07,2026-08,unchanged,,,Amounts captured on the vendor's pricing page were identical in both months.,https://aibuildermarketplace.com/b2b/surveysparrow-review/,2026-08-22
Switcher Studio,Operations & Workflow,2026-07,2026-08,unchanged,,,Amounts captured on the vendor's pricing page were identical in both months.,https://aibuildermarketplace.com/b2b/switcher-studio-review/,2026-08-22
Synthesia,Operations & Workflow,2026-07,2026-08,unchanged,,,Amounts captured on the vendor's pricing page were identical in both months.,https://aibuildermarketplace.com/b2b/synthesia-review/,2026-08-22
TaxCycle,Financial Operations,2026-07,2026-08,unchanged,,,Amounts captured on the vendor's pricing page were identical in both months.,https://aibuildermarketplace.com/b2b/taxcycle-review/,2026-08-22
Tradify,Operations & Workflow,2026-07,2026-08,unchanged,,,Amounts captured on the vendor's pricing page were identical in both months.,https://aibuildermarketplace.com/b2b/tradify-review/,2026-08-22
Trainual,Operations & Workflow,2026-07,2026-08,unchanged,,,Amounts captured on the vendor's pricing page were identical in both months.,https://aibuildermarketplace.com/b2b/trainual-review/,2026-08-22
UniTel Voice,Communication & Voice,2026-07,2026-08,unchanged,,,Amounts captured on the vendor's pricing page were identical in both months.,https://aibuildermarketplace.com/b2b/unitel-voice-review/,2026-08-22
Uniqode,Growth & Revenue,2026-07,2026-08,unchanged,,,Amounts captured on the vendor's pricing page were identical in both months.,https://aibuildermarketplace.com/b2b/uniqode-review/,2026-08-22
VEA,Operations & Workflow,2026-07,2026-08,unchanged,,,Amounts captured on the vendor's pricing page were identical in both months.,https://aibuildermarketplace.com/b2b/vea-review/,2026-08-22
Vista Social,Growth & Revenue,2026-07,2026-08,unchanged,,,Amounts captured on the vendor's pricing page were identical in both months.,https://aibuildermarketplace.com/b2b/vista-social-review/,2026-08-22
Wati,Communication & Voice,2026-07,2026-08,unchanged,,,Amounts captured on the vendor's pricing page were identical in both months.,https://aibuildermarketplace.com/b2b/wati-review/,2026-08-22
WhatConverts,Growth & Revenue,2026-07,2026-08,unchanged,,,Amounts captured on the vendor's pricing page were identical in both months.,https://aibuildermarketplace.com/b2b/whatconverts-review/,2026-08-22
Wrike,Operations & Workflow,2026-07,2026-08,unchanged,,,Amounts captured on the vendor's pricing page were identical in both months.,https://aibuildermarketplace.com/b2b/wrike-review/,2026-08-22
doola,Financial Operations,2026-07,2026-08,unchanged,,,Amounts captured on the vendor's pricing page were identical in both months.,https://aibuildermarketplace.com/b2b/doola-review/,2026-08-22
folk,Growth & Revenue,2026-07,2026-08,unchanged,,,Amounts captured on the vendor's pricing page were identical in both months.,https://aibuildermarketplace.com/b2b/folk-review/,2026-08-22
iContact,Growth & Revenue,2026-07,2026-08,unchanged,,,Amounts captured on the vendor's pricing page were identical in both months.,https://aibuildermarketplace.com/b2b/icontact-review/,2026-08-22
lemlist,Growth & Revenue,2026-07,2026-08,unchanged,,,Amounts captured on the vendor's pricing page were identical in both months.,https://aibuildermarketplace.com/b2b/lemlist-review/,2026-08-22
