tool,pair,status,change_type
"AgentNest",2026-08->2026-09,unchanged,
"AgentNest",2026-09->2026-10,unchanged,
"Airwallex",2026-08->2026-09,unchanged,
"Airwallex",2026-09->2026-10,reviewed: no price change,
"Amplitude",2026-08->2026-09,unchanged,
"Amplitude",2026-09->2026-10,unchanged,
"Aplos",2026-08->2026-09,unchanged,
"Aplos",2026-09->2026-10,unchanged,
"AskNest",2026-08->2026-09,unchanged,
"AskNest",2026-09->2026-10,unchanged,
"Atlas AI Store Builder",2026-08->2026-09,unchanged,
"Atlas AI Store Builder",2026-09->2026-10,unchanged,
"Attribuly",2026-08->2026-09,unchanged,
"Attribuly",2026-09->2026-10,unchanged,
"Aura",2026-08->2026-09,unchanged,
"Aura",2026-09->2026-10,unchanged,
"AutoWrite",2026-08->2026-09,unchanged,
"AutoWrite",2026-09->2026-10,unchanged,
"BackupMaster",2026-08->2026-09,unchanged,
"BackupMaster",2026-09->2026-10,unchanged,
"Barcodes Talk",2026-08->2026-09,reviewed: no price change,
"Barcodes Talk",2026-09->2026-10,unchanged,
"Castmagic",2026-08->2026-09,unchanged,
"Castmagic",2026-09->2026-10,unchanged,
"Cloro",2026-08->2026-09,unchanged,
"Cloro",2026-09->2026-10,unchanged,
"CloudTask",2026-08->2026-09,reviewed: no price change,
"CloudTask",2026-09->2026-10,unchanged,
"Cloze",2026-08->2026-09,unchanged,
"Cloze",2026-09->2026-10,unchanged,
"CrowdStrike",2026-08->2026-09,unchanged,
"CrowdStrike",2026-09->2026-10,unchanged,
"Digit",2026-08->2026-09,reviewed: no price change,
"Digit",2026-09->2026-10,reviewed: no price change,
"Disputifier",2026-08->2026-09,unchanged,
"Disputifier",2026-09->2026-10,unchanged,
"Dripshipper",2026-08->2026-09,unchanged,
"Dripshipper",2026-09->2026-10,unchanged,
"EasyDMARC",2026-08->2026-09,unchanged,
"EasyDMARC",2026-09->2026-10,unchanged,
"Employment Hero",2026-08->2026-09,unchanged,
"Employment Hero",2026-09->2026-10,reviewed: no price change,
"Envoy",2026-08->2026-09,reviewed: no price change,
"Envoy",2026-09->2026-10,unchanged,
"Fast Bundle",2026-08->2026-09,unchanged,
"Fast Bundle",2026-09->2026-10,unchanged,
"Flatpay",2026-08->2026-09,unchanged,
"Flatpay",2026-09->2026-10,reviewed: no price change,
"FreshBooks",2026-08->2026-09,unchanged,
"FreshBooks",2026-09->2026-10,reviewed: no price change,
"Gixo",2026-08->2026-09,unchanged,
"Gixo",2026-09->2026-10,reviewed: no price change,
"Gorgias",2026-08->2026-09,unchanged,
"Gorgias",2026-09->2026-10,reviewed: no price change,
"GrapeLeads",2026-08->2026-09,unchanged,
"GrapeLeads",2026-09->2026-10,unchanged,
"HelpCenter",2026-08->2026-09,unchanged,
"HelpCenter",2026-09->2026-10,unchanged,
"Hubstaff",2026-08->2026-09,unchanged,
"Hubstaff",2026-09->2026-10,unchanged,
"Intelis",2026-08->2026-09,unchanged,
"Intelis",2026-09->2026-10,confirmed change,decrease
"Jibble",2026-08->2026-09,unchanged,
"Jibble",2026-09->2026-10,unchanged,
"MeetGeek",2026-08->2026-09,unchanged,
"MeetGeek",2026-09->2026-10,reviewed: no price change,
"MigrationPro",2026-08->2026-09,unchanged,
"MigrationPro",2026-09->2026-10,unchanged,
"Mktg.ai",2026-08->2026-09,unchanged,
"Mktg.ai",2026-09->2026-10,unchanged,
"Modelize",2026-08->2026-09,unchanged,
"Modelize",2026-09->2026-10,unchanged,
"Nouswise",2026-08->2026-09,unchanged,
"Nouswise",2026-09->2026-10,unchanged,
"Oyster",2026-08->2026-09,unchanged,
"Oyster",2026-09->2026-10,unchanged,
"Parim",2026-08->2026-09,unchanged,
"Parim",2026-09->2026-10,unchanged,
"Pecan AI",2026-08->2026-09,unchanged,
"Pecan AI",2026-09->2026-10,unchanged,
"Piktochart",2026-08->2026-09,unchanged,
"Piktochart",2026-09->2026-10,unchanged,
"Planday",2026-08->2026-09,unchanged,
"Planday",2026-09->2026-10,unchanged,
"Post Purchase Upsell Hero",2026-08->2026-09,unchanged,
"Post Purchase Upsell Hero",2026-09->2026-10,reviewed: no price change,
"Postscript",2026-08->2026-09,unchanged,
"Postscript",2026-09->2026-10,reviewed: no price change,
"ProtectMyOrder",2026-08->2026-09,unchanged,
"ProtectMyOrder",2026-09->2026-10,unchanged,
"Quartile",2026-08->2026-09,unchanged,
"Quartile",2026-09->2026-10,unchanged,
"Remote People",2026-08->2026-09,unchanged,
"Remote People",2026-09->2026-10,reviewed: no price change,
"Runpod",2026-08->2026-09,reviewed: no price change,
"Runpod",2026-09->2026-10,confirmed change,increase
"Seel",2026-08->2026-09,unchanged,
"Seel",2026-09->2026-10,unchanged,
"Selixer",2026-08->2026-09,unchanged,
"Selixer",2026-09->2026-10,unchanged,
"Sentaro",2026-08->2026-09,unchanged,
"Sentaro",2026-09->2026-10,reviewed: no price change,
"ServiceM8",2026-08->2026-09,unchanged,
"ServiceM8",2026-09->2026-10,unchanged,
"Shore",2026-08->2026-09,reviewed: no price change,
"Shore",2026-09->2026-10,reviewed: no price change,
"Signal House",2026-08->2026-09,unchanged,
"Signal House",2026-09->2026-10,reviewed: no price change,
"SimplyBook.me",2026-08->2026-09,reviewed: no price change,
"SimplyBook.me",2026-09->2026-10,reviewed: no price change,
"Smartli",2026-08->2026-09,unchanged,
"Smartli",2026-09->2026-10,unchanged,
"Storista",2026-08->2026-09,unchanged,
"Storista",2026-09->2026-10,reviewed: no price change,
"Sunsama",2026-08->2026-09,unchanged,
"Sunsama",2026-09->2026-10,unchanged,
"SupaEasy",2026-08->2026-09,unchanged,
"SupaEasy",2026-09->2026-10,unchanged,
"SupportBee",2026-08->2026-09,unchanged,
"SupportBee",2026-09->2026-10,unchanged,
"Surfer (SurferSEO)",2026-08->2026-09,unchanged,
"Surfer (SurferSEO)",2026-09->2026-10,reviewed: no price change,
"Tapita AI SEO Blog Builder",2026-08->2026-09,unchanged,
"Tapita AI SEO Blog Builder",2026-09->2026-10,unchanged,
"Tapita SEO Optimizer",2026-08->2026-09,unchanged,
"Tapita SEO Optimizer",2026-09->2026-10,unchanged,
"Teikametrics",2026-08->2026-09,unchanged,
"Teikametrics",2026-09->2026-10,unchanged,
"TestGorilla",2026-08->2026-09,unchanged,
"TestGorilla",2026-09->2026-10,unchanged,
"Textline",2026-08->2026-09,unchanged,
"Textline",2026-09->2026-10,unchanged,
"Tidio",2026-08->2026-09,unchanged,
"Tidio",2026-09->2026-10,unchanged,
"Typewise",2026-08->2026-09,unchanged,
"Typewise",2026-09->2026-10,reviewed: no price change,
"Unleashed Software",2026-08->2026-09,unchanged,
"Unleashed Software",2026-09->2026-10,unchanged,
"UpsellPlus",2026-08->2026-09,unchanged,
"UpsellPlus",2026-09->2026-10,reviewed: no price change,
"Webflow",2026-08->2026-09,unchanged,
"Webflow",2026-09->2026-10,unchanged,
"Wistia",2026-08->2026-09,unchanged,
"Wistia",2026-09->2026-10,reviewed: no price change,
"Xero",2026-08->2026-09,unchanged,
"Xero",2026-09->2026-10,reviewed: no price change,
"Zendesk",2026-08->2026-09,reviewed: no price change,
"Zendesk",2026-09->2026-10,reviewed: no price change,
"Zendrop",2026-08->2026-09,reviewed: no price change,
"Zendrop",2026-09->2026-10,unchanged,
"accessiBe",2026-08->2026-09,reviewed: no price change,
"accessiBe",2026-09->2026-10,unchanged,
"monday.com",2026-08->2026-09,unchanged,
"monday.com",2026-09->2026-10,unchanged,
"respond.io",2026-08->2026-09,unchanged,
"respond.io",2026-09->2026-10,unchanged,
